更新日,発行,カテゴリ,カテゴリURL,記事,記事URL,鍵マーク
2021.03.30,営業,,,ダミーテキストです。ダミーテキストです。ダミーテキストです。ダミーテキストです。,/aaaa/bbb/ccc/ddd/,1
2021.03.29,企画,,,ダミーテキストです。ダミーテキストです。ダミーテキストです。ダミーテキストです。,/aaaa/bbb/ccc/ddd/,
2021.03.29,インフラ,,,ダミーテキストです。ダミーテキストです。ダミーテキストです。ダミーテキストです。,/aaaa/bbb/ccc/ddd/,
2021.03.29,イベント,,,ダミーテキストです。ダミーテキストです。ダミーテキストです。ダミーテキストです。,/aaaa/bbb/ccc/ddd/,1
2021.03.29,企画,,,ダミーテキストです。ダミーテキストです。ダミーテキストです。ダミーテキストです。,/aaaa/bbb/ccc/ddd/,1
2021.03.26,イノベ,,,ダミーテキストです。ダミーテキストです。ダミーテキストです。ダミーテキストです。,/aaaa/bbb/ccc/ddd/,
2021.03.26,イベント,,,ダミーテキストです。ダミーテキストです。ダミーテキストです。ダミーテキストです。,/aaaa/bbb/ccc/ddd/,1
2021.03.26,企画,,,ダミーテキストです。ダミーテキストです。ダミーテキストです。ダミーテキストです。,/aaaa/bbb/ccc/ddd/,1
2021.03.26,企画,,,ダミーテキストです。ダミーテキストです。ダミーテキストです。ダミーテキストです。,/aaaa/bbb/ccc/ddd/,
2021.03.25,企画,,,ダミーテキストです。ダミーテキストです。ダミーテキストです。ダミーテキストです。,/aaaa/bbb/ccc/ddd/,1
2021.03.25,企画,,,ダミーテキストです。ダミーテキストです。ダミーテキストです。ダミーテキストです。,/aaaa/bbb/ccc/ddd/,
2021.03.25,企画,,,ダミーテキストです。ダミーテキストです。ダミーテキストです。ダミーテキストです。,/aaaa/bbb/ccc/ddd/,
2021.03.25,企画,,,ダミーテキストです。ダミーテキストです。ダミーテキストです。ダミーテキストです。,/aaaa/bbb/ccc/ddd/,1
2021.03.25,インフラ,,,ダミーテキストです。ダミーテキストです。ダミーテキストです。ダミーテキストです。,/aaaa/bbb/ccc/ddd/,
2021.03.25,企画,,,ダミーテキストです。ダミーテキストです。ダミーテキストです。ダミーテキストです。,/aaaa/bbb/ccc/ddd/,
2021.03.24,企画,,,ダミーテキストです。ダミーテキストです。ダミーテキストです。ダミーテキストです。,/aaaa/bbb/ccc/ddd/,1
2021.03.24,インフラ,,,ダミーテキストです。ダミーテキストです。ダミーテキストです。ダミーテキストです。,/aaaa/bbb/ccc/ddd/,
2021.03.24,ブログ,,,ダミーテキストです。ダミーテキストです。ダミーテキストです。ダミーテキストです。,/aaaa/bbb/ccc/ddd/,
2021.03.23,キャリア,,,ダミーテキストです。ダミーテキストです。ダミーテキストです。ダミーテキストです。,/aaaa/bbb/ccc/ddd/,
2021.03.23,キャリア,,,ダミーテキストです。ダミーテキストです。ダミーテキストです。ダミーテキストです。,/aaaa/bbb/ccc/ddd/,
2021.03.23,インフラ,,,ダミーテキストです。ダミーテキストです。ダミーテキストです。ダミーテキストです。,/aaaa/bbb/ccc/ddd/,
2021.03.23,イベント,,,ダミーテキストです。ダミーテキストです。ダミーテキストです。ダミーテキストです。,/aaaa/bbb/ccc/ddd/,
2021.03.22,企画,,,ダミーテキストです。ダミーテキストです。ダミーテキストです。ダミーテキストです。,/aaaa/bbb/ccc/ddd/,1
2021.03.22,営業,,,ダミーテキストです。ダミーテキストです。ダミーテキストです。ダミーテキストです。,/aaaa/bbb/ccc/ddd/,
2021.03.22,企画,,,ダミーテキストです。ダミーテキストです。ダミーテキストです。ダミーテキストです。,/aaaa/bbb/ccc/ddd/,
2021.03.19,企画,,,ダミーテキストです。ダミーテキストです。ダミーテキストです。ダミーテキストです。,/aaaa/bbb/ccc/ddd/,1
2021.03.19,インフラ,,,ダミーテキストです。ダミーテキストです。ダミーテキストです。ダミーテキストです。,/aaaa/bbb/ccc/ddd/,
2021.03.19,インフラ,,,ダミーテキストです。ダミーテキストです。ダミーテキストです。ダミーテキストです。,/aaaa/bbb/ccc/ddd/,
2021.03.18,イベント,,,ダミーテキストです。ダミーテキストです。ダミーテキストです。ダミーテキストです。,/aaaa/bbb/ccc/ddd/,1
2021.03.18,企画,,,ダミーテキストです。ダミーテキストです。ダミーテキストです。ダミーテキストです。,/aaaa/bbb/ccc/ddd/,1
2021.03.17,キャリア,,,ダミーテキストです。ダミーテキストです。ダミーテキストです。ダミーテキストです。,/aaaa/bbb/ccc/ddd/,
2021.03.17,企画,,,ダミーテキストです。ダミーテキストです。ダミーテキストです。ダミーテキストです。,/aaaa/bbb/ccc/ddd/,
2021.03.17,企画,,,ダミーテキストです。ダミーテキストです。ダミーテキストです。ダミーテキストです。,/aaaa/bbb/ccc/ddd/,
2021.03.17,インフラ,,,ダミーテキストです。ダミーテキストです。ダミーテキストです。ダミーテキストです。,/aaaa/bbb/ccc/ddd/,1
2021.03.17,イノベ,,,ダミーテキストです。ダミーテキストです。ダミーテキストです。ダミーテキストです。,/aaaa/bbb/ccc/ddd/,1
2021.03.17,企画,,,ダミーテキストです。ダミーテキストです。ダミーテキストです。ダミーテキストです。,/aaaa/bbb/ccc/ddd/,
2021.03.16,インフラ,,,ダミーテキストです。ダミーテキストです。ダミーテキストです。ダミーテキストです。,/aaaa/bbb/ccc/ddd/,
2021.03.16,営業,,,ダミーテキストです。ダミーテキストです。ダミーテキストです。ダミーテキストです。,/aaaa/bbb/ccc/ddd/,
2021.03.15,イノベ,,,ダミーテキストです。ダミーテキストです。ダミーテキストです。ダミーテキストです。,/aaaa/bbb/ccc/ddd/,
2021.03.15,インフラ,,,ダミーテキストです。ダミーテキストです。ダミーテキストです。ダミーテキストです。,/aaaa/bbb/ccc/ddd/,
2021.03.12,企画,,,ダミーテキストです。ダミーテキストです。ダミーテキストです。ダミーテキストです。,/aaaa/bbb/ccc/ddd/,1
2021.03.12,インフラ,,,ダミーテキストです。ダミーテキストです。ダミーテキストです。ダミーテキストです。,/aaaa/bbb/ccc/ddd/,1
2021.03.10,営業,,,ダミーテキストです。ダミーテキストです。ダミーテキストです。ダミーテキストです。,/aaaa/bbb/ccc/ddd/,
2021.03.10,イノベ,,,ダミーテキストです。ダミーテキストです。ダミーテキストです。ダミーテキストです。,/aaaa/bbb/ccc/ddd/,
2021.03.10,企画,,,ダミーテキストです。ダミーテキストです。ダミーテキストです。ダミーテキストです。,/aaaa/bbb/ccc/ddd/,1
2021.03.09,キャリア,,,ダミーテキストです。ダミーテキストです。ダミーテキストです。ダミーテキストです。,/aaaa/bbb/ccc/ddd/,
2021.03.08,イノベ,,,ダミーテキストです。ダミーテキストです。ダミーテキストです。ダミーテキストです。,/aaaa/bbb/ccc/ddd/,
2021.03.05,企画,,,ダミーテキストです。ダミーテキストです。ダミーテキストです。ダミーテキストです。,/aaaa/bbb/ccc/ddd/,
2021.03.05,企画,,,ダミーテキストです。ダミーテキストです。ダミーテキストです。ダミーテキストです。,/aaaa/bbb/ccc/ddd/,
2021.03.04,企画,,,ダミーテキストです。ダミーテキストです。ダミーテキストです。ダミーテキストです。,/aaaa/bbb/ccc/ddd/,1
2021.03.04,企画,,,ダミーテキストです。ダミーテキストです。ダミーテキストです。ダミーテキストです。,/aaaa/bbb/ccc/ddd/,
2021.03.03,キャリア,,,ダミーテキストです。ダミーテキストです。ダミーテキストです。ダミーテキストです。,/aaaa/bbb/ccc/ddd/,
2021.03.03,キャリア,,,ダミーテキストです。ダミーテキストです。ダミーテキストです。ダミーテキストです。,/aaaa/bbb/ccc/ddd/,
2021.03.03,キャリア,,,ダミーテキストです。ダミーテキストです。ダミーテキストです。ダミーテキストです。,/aaaa/bbb/ccc/ddd/,
2021.03.03,イノベ,,,ダミーテキストです。ダミーテキストです。ダミーテキストです。ダミーテキストです。,/aaaa/bbb/ccc/ddd/,
2021.03.03,キャリア,,,ダミーテキストです。ダミーテキストです。ダミーテキストです。ダミーテキストです。,/aaaa/bbb/ccc/ddd/,
2021.03.03,企画,,,ダミーテキストです。ダミーテキストです。ダミーテキストです。ダミーテキストです。,/aaaa/bbb/ccc/ddd/,
